No.,ID,TIMESTAMP
1,16686,1745787849

2,10778,1745787854

3,25784,1745787859

4,16777,1745787864

5,14040,1745787869

6,19019,1745787874

7,10891,1745787879

8,621,1745787884

9,6466,1745787889

10,14113,1745787894

11,19583,1745787899

12,24131,1745787904

13,6797,1745787909

14,29788,1745787914

15,8157,1745787919

16,22146,1745787924

17,18469,1745787929

18,28851,1745787934

19,13318,1745787939

20,5149,1745787945

21,24813,1745787950

22,24690,1745787955

23,17004,1745787960

24,8105,1745787965

25,6834,1745787970

26,6989,1745787975

27,5327,1745787980

28,6143,1745787985

29,13227,1745787990

30,15311,1745787995

31,3417,1745788000

32,12613,1745788005

33,13386,1745788010

34,6418,1745788015

35,111,1745788020

36,22946,1745788025

37,24395,1745788030

38,16852,1745788035

39,24492,1745788040

40,28920,1745788045

41,24911,1745788050

42,13892,1745788055

43,20851,1745788060

44,14445,1745788065

45,3713,1745788070

46,26266,1745788075

47,16852,1745788080

48,11373,1745788085

49,18386,1745788090

50,23341,1745788095

51,16240,1745788100

52,25951,1745788105

53,9785,1745788110

54,19176,1745788115

55,17384,1745788120

56,7055,1745788125

57,21607,1745788130

58,10184,1745788135

59,12588,1745788140

60,4341,1745788145

61,10514,1745788150

62,760,1745788155

63,14453,1745788160

64,8667,1745788165

65,14824,1745788170

66,22141,1745788175

67,17562,1745788180

68,19081,1745788185

69,14226,1745788190

70,27916,1745788195

71,18352,1745788200

72,26111,1745788205

73,13302,1745788210

74,12810,1745788215

75,25304,1745788220

76,18483,1745788225

77,20691,1745788230

78,1477,1745788235

79,22355,1745788240

80,13760,1745788245

81,6969,1745788250

82,26458,1745788255

83,24213,1745788260

84,4292,1745788265

85,8264,1745788270

86,2837,1745788275

87,2442,1745788280

88,6454,1745788285

89,4471,1745788290

90,3979,1745788295

91,23561,1745788300

92,14633,1745788305

93,2490,1745788310

94,6922,1745788315

95,1503,1745788320

96,7557,1745788325

97,25688,1745788330

98,7751,1745788335

99,26679,1745788340

100,13508,1745788345

101,27676,1745788350

102,11199,1745788355

103,29014,1745788360

104,28027,1745788365

105,9791,1745788370

106,6672,1745788375

107,10122,1745788380

108,29816,1745788385

109,13985,1745788390

110,16991,1745788395

111,27,1745788400

112,10976,1745788405

113,16262,1745788410

114,27093,1745788415

115,23126,1745788420

116,24018,1745788425

117,29428,1745788430

118,12029,1745788435

119,25340,1745788440

120,18995,1745788445

121,21668,1745788450

122,5216,1745788455

123,28250,1745788460

124,14060,1745788465

125,15493,1745788470

126,2214,1745788475

127,3649,1745788480

128,7400,1745788485

129,19087,1745788490

130,20252,1745788495

131,10235,1745788500

132,14798,1745788505

133,23222,1745788510

134,27564,1745788515

135,25933,1745788520

136,25840,1745788525

137,10967,1745788530

138,11798,1745788535

139,17791,1745788540

140,18577,1745788545

141,6787,1745788550

142,23066,1745788555

143,17689,1745788560

144,7682,1745788565

145,7858,1745788570

146,4882,1745788575

147,14255,1745788580

148,12668,1745788585

149,1127,1745788590

150,27883,1745788595

